{
  "model": {
    "type": "range_dispatch",
    "property": "custom_model_data",
    "fallback": {
      "type": "model",
      "model": "item/structure_void"
    },
    "entries": [
      { "threshold": 80001, "model": { "type": "model", "model": "fallendisks:item/gui/blank" } },
      { "threshold": 80002, "model": { "type": "model", "model": "fallendisks:item/gui/prev_page" } },
      { "threshold": 80003, "model": { "type": "model", "model": "fallendisks:item/gui/next_page" } },
      { "threshold": 80004, "model": { "type": "model", "model": "fallendisks:item/gui/prev_song" } },
      { "threshold": 80005, "model": { "type": "model", "model": "fallendisks:item/gui/next_song" } },
      { "threshold": 80006, "model": { "type": "model", "model": "fallendisks:item/gui/play" } },
      { "threshold": 80007, "model": { "type": "model", "model": "fallendisks:item/gui/stop" } },
      { "threshold": 80008, "model": { "type": "model", "model": "fallendisks:item/gui/shuffle" } }
    ]
  }
}
