{
  "records.bazooka_miamixo": {
    "sounds": [
      { "name": "fallendisks:records/bazooka_miamixo", "stream": true }
    ]
  },
  "records.breatheintheair_pinkfloyd": {
    "sounds": [
      { "name": "fallendisks:records/breatheintheair_pinkfloyd", "stream": true }
    ]
  },
  "records.codeinecrazy_future": {
    "sounds": [
      { "name": "fallendisks:records/codeinecrazy_future", "stream": true }
    ]
  },
  "records.creepacoustic_radiohead": {
    "sounds": [
      { "name": "fallendisks:records/creepacoustic_radiohead", "stream": true }
    ]
  },
  "records.greatgiginthesky_pinkfloyd": {
    "sounds": [
      { "name": "fallendisks:records/greatgiginthesky_pinkfloyd", "stream": true }
    ]
  },
  "records.imgonnamissher_bradpaisley": {
    "sounds": [
      { "name": "fallendisks:records/imgonnamissher_bradpaisley", "stream": true }
    ]
  },
  "records.ladymay_tylerchilders": {
    "sounds": [
      { "name": "fallendisks:records/ladymay_tylerchilders", "stream": true }
    ]
  },
  "records.money": {
    "sounds": [
      { "name": "fallendisks:records/money", "stream": true }
    ]
  },
  "records.simpleman_lynyrdskynyrd": {
    "sounds": [
      { "name": "fallendisks:records/simpleman_lynyrdskynyrd", "stream": true }
    ]
  }
}
