{
  "parent": "minecraft:item/generated",
  "textures": {
    "layer0": "minecraft:item/structure_void"
  },
  "overrides": [
    { "predicate": { "custom_model_data": 80001 }, "model": "fallendisks:item/gui/blank" },
    { "predicate": { "custom_model_data": 80002 }, "model": "fallendisks:item/gui/prev_page" },
    { "predicate": { "custom_model_data": 80003 }, "model": "fallendisks:item/gui/next_page" },
    { "predicate": { "custom_model_data": 80004 }, "model": "fallendisks:item/gui/prev_song" },
    { "predicate": { "custom_model_data": 80005 }, "model": "fallendisks:item/gui/next_song" },
    { "predicate": { "custom_model_data": 80006 }, "model": "fallendisks:item/gui/play" },
    { "predicate": { "custom_model_data": 80007 }, "model": "fallendisks:item/gui/stop" },
    { "predicate": { "custom_model_data": 80008 }, "model": "fallendisks:item/gui/shuffle" }
  ]
}
